<?xml version="1.0" encoding="UTF-8" standalone="yes"?>
<Quota continueOnError="false" enabled="true" name="impose-quota" type="calendar">
  <DisplayName>Impose Quota</DisplayName>
  <Properties/>
  <Allow count="2000" countRef="request.header.allowed_quota"/>
  <Interval ref="request.header.quota_count">1</Interval>
  <Distributed>false</Distributed>
  <Synchronous>false</Synchronous>
  <TimeUnit ref="request.header.quota_timeout">month</TimeUnit>
  <StartTime>2013-08-21 10:00:00</StartTime>
  <AsynchronousConfiguration>
    <SyncIntervalInSeconds>20</SyncIntervalInSeconds>
    <SyncMessageCount>5</SyncMessageCount>
  </AsynchronousConfiguration>
</Quota>
