<?xml version="1.0" encoding="UTF-8" standalone="yes"?>
<SharedFlowBundle revision="1" name="OAuthQuota">
  <DisplayName/>
  <Description>Verifies an OAuth Token, removes it from the header, and then imposes a quota</Description>
  <CreatedAt>1667846397685</CreatedAt>
  <LastModifiedAt>1667846658023</LastModifiedAt>
  <Policies>
    <Policy>verify-oauth-v2-access-token</Policy>
    <Policy>remove-header-authorization</Policy>
    <Policy>impose-quota</Policy>
  </Policies>
  <SharedFlows>
    <SharedFlow>default</SharedFlow>
  </SharedFlows>
  <subType>SharedFlow</subType>
</SharedFlowBundle>
